{"width":1536,"height":1280,"minLng":-11.25,"maxLng":5.625,"minLat":34.30714385628804,"maxLat":45.08903556483102}